altPept,event_id,effectId,gene,orf_effect,aa_effect,topEffect,refPept,refIsoform,sourceName,insSeqLen,refSeqLen,delSeqLen,refSeqPos,altSeqPos
,mult_exon_skip_7,ENSMUST00000044369_1s+:g.5206160j5213973_5214074j5220171_5220284j5232328>5206160j5232328[splmult_exon_skip],Atp6v1h,StartLost,ProteinLoss,False,MTKMDIRGAVDAAVPTNIIAAKAAEVRANKVNWQSYLQGQMISAEDCEFIQRFEMKRSSEDKQEMLQTEGSQCAKTFINLMTHISKEQTVQYILTMVDDMLQENHQRVSIFFDYAKRSKSTAWPYFLPMLNRQDPFTVHMAARIIAKLAAWGKELMEGSDLNYYFNWIKTQLSSQKLRGSGVAVETGTISSSDSSQYVQCVAGCLQLMLRVNEYRFAWVEADGVNCIMGVLSNKCGFQLQYQMIFSIWLLAFSPQMCEHLRRYNIIPVLSDILQESVKEKVTRIILAAFRNFLEKSTERETRQEYALAMIQCKVLKQLENLEQQKYDDEDISEDIKFLLEKLGESVQDLSSFDEYSSELKSGRLEWSPVHKSEKFWRENAVRLNEKNYELLKILTKLLEVSDDPQVLAVAAHDVGEYVRHYPRGKRVIEQLGGKQLVMNHMHHEDQQVRYNALLAVQKLMVHNWEYLGKQLQSEQPQTAAARS,iso1,,-1,483,483,1-484,1-0
,mult_exon_skip_7,ENSMUST00000192698_1s+:g.5206160j5213973_5214074j5220171_5220284j5232328>5206160j5232328[splmult_exon_skip],Atp6v1h,StartLost,ProteinLoss,True,MTKMDIRGAVDAAVPTNIIAAKAAEVRANKVNWQSYLQGQMISAEDCEFIQRFEMKRSSEDKQEMLQTEGSQCAKTFINLMTHISKEQTVQYILTMVDDMLQENHQRVSIFFDYAKRSKSTAWPYFLPMLNRQDPFTVHMAARIIAKLAAWGKELMEGSDLNYYFNWIKTQLSSQSSQYVQCVAGCLQLMLRVNEYRFAWVEADGVNCIMGVLSNKCGFQLQYQMIFSIWLLAFSPQMCEHLRRYNIIPVLSDILQESVKEKVTRIILAAFRNFLEKSTERETRQEYALAMIQCKVLKQLENLEQQKYDDEDISEDIKFLLEKLGESVQDLSSFDEYSSELKSGRLEWSPVHKSEKFWRENAVRLNEKNYELLKILTKLLEVSDDPQVLAVAAHDVGEYVRHYPRGKRVIEQLGGKQLVMNHMHHEDQQVRYNALLAVQKLMVHNWEYLGKQLQSEQPQTAAARS,iso1,,-1,465,465,1-466,1-0
,mult_exon_skip_9,ENSMUST00000131494_1s+:g.6557965j6749269_6749468j6822520_6822592j6823218>6557965j6823218[splmult_exon_skip],St18,StartLost,ProteinLoss,True,MDAEVEDKTLHTLSKGTEVPMDSLIPELRVPYDCSMAKKRRAEEQASGVPINKRKSLLMKPRHYSPDMGCKESPDNRNEDDGLLETNDHATADEIMVKSMDETLHLPAQDSSLQKKDQYTCYPELMVKSLVHLGKFEESESVQTTCENLNGSSIQSLKAESDEAHEGSMVHSDNGRDKVHHSQPPFCSSGDSESDSDSAENGWGNGSNSSEDTDTHKGPKHKLTYNRKDLLEVPEIKAEDDKFIPCENRCDSDTDGRDPQNSHMEPLVVKAQPSFPEVEEGESLATVTEEPAEVEKAKGNLSLLEQAIALQAERGSVFHHTYKELDRFFLDHLARERRQPRVTDANGRQIFTNKHSPRPERREAKCPIPGCDGTGHVTGLYPHHRSLSGCPHKVRVPLEILAMHENVLKCPTPGCTGRGHVNSNRNTHRSLSGCPIAAAEKLAMTQDKSQLDSSQTGQCPEQAHRVNLVKQIEFNFRSHAITSPRASASKEQEKFGKVPFDYASFDAQVFGKRPLLQTGQGQKAPPFPESKHFSNPVKFPNGLPSAGAHTQSTVRASSYGHGQYSEDTHIAAAAAILNLSTRCREATDILSNKPQSLRAKGAEIEVDENGTLDLSMKKNRIHDKSIPPTSSPTTITTPSSSPFNASSLLVNAAFYQALSDQEGWNVPINYSKSHGKTEEEKEKDPVNFLENLEEKKFAGEASIPSPKPKLHTRDLKKELITCPTPGCDGSGHVTGNYASHRSVSGCPLADKTLKSLMAANSQELKCPTPGCDGSGHVTGNYASHRSLSGCPRARKGGIKMTPTKEEKEDSELRCPVIGCDGQGHISGKYTSHRTASGCPLAAKRQKENPLNGAPLSWKLNKQELPHCPLPGCNGLGHVNNVFVTHRSLSGCPLNAQAIKKVKVSEELMTIKLKATGGIDGDEEIRHLDEEIKELNESNLKIEADMMKLQTQITSMESNLKTIEEENKLIEQSNESLLKELAGLSQALISSLADIQLPQMGPINEQNFEAYVNTLTDMYSNLEQDYSPECKALLESIKQAVKGIHV,iso2,,-1,1045,1045,1-1046,1-0
,mult_exon_skip_16,ENSMUST00000027056_1s+:g.11302020j11335903_11335969j11336193_11336383j11355281>11302020j11355281[splmult_exon_skip],Prex2,StartLost,ProteinLoss,True,MSDESAREVDKQLRLRVCVLSELQKTERDYVGTLEFLVSAFLHRMNQCAAAKVDKNVTEETVKMLFSNIEEILIVHKEFLKVVEECLYPEPSAQQEVGACFLHFKDKFRIYDEYCSNHEKAQKLLLELNKIRTIRTFLLNCMLLGGRKNTDVPLEGYLVTPIQRICKYPLLLKELLKRTPRRHSDYTAVMEALQAMKAVCSNINEAKRQMEKLEVLEEWQAHIEGWEGSNITDTCTEMLMCGVLMKISSGNIQERVFFLFDNLLVYCKRKHRRLKNSKASTDGYRYVFRGRINTEVMEVENVDDGTADFHSSGHIVVNGWKIHNTAKNKWFVCMAKSPEEKHEWFEAILKERERRKGLKLGMEQDTWVMISEQGEKLYKMMCKQGNLIKDRKRKLTTFPKCFLGSEFVSWLLEIGEIHRPEEGVHLGQALLENGIIHHVTDKHQFKPEQMLYRFRYDDGTFYPRSEMQDVISKGVRLYCRLHSLFTPVVRDKDYHLRTYKSVVMANKLIDWLIAQGDCRTREEAMIFAVGLCDNGFMHHVLEKSEFKDEPLLFRFFADEEMEGSNMKHRLMKHDLKVVENVIAKSLLIKSNEGSYGFGLEDKNKVPIIKLVEKGSNAEMAGMEVGKKIFAINGDLVFLRPFPEVDCFLKSCLNSRKPLRVLVSTKPRETVKIPDSADGLGFQIRGFGPSVVHAVGRGTVAAAAGLHPGQCIIKVNGINVSKETHASVIAHVTACRKYKRPMKQDSIQWVYDSLESAQEDIQKSHSKPPGDGAGDAFECKVEDVIDKFNTMAIIDGKKEHVSLTVDNVHLEYGVVYEYDSTAGTKCNVVEKMVEPKGFFSLTAKILEALAKSDEHFVQNCTSLNSLNEVIATDLQSKFTSMCSERIEHVCHRISSYGRFSRVLKNRAWPTFKQAKPKISPLHSSDFCPTNCHVNVMEVSYPKTSTSLGSAFGVQLDSRKHNSHDKENKSVEPGKLSPMVYIQHTITTMAAPSGLSLGHKDGHGLQYLLKEEDLETQDIYHKLLGKLQTALKEVEMSVCQIDDLLSSITYSPKLERKTTECVTPMDSDNEKGERNSKRVCFNVAGDEQEDSGHDTVSNRDSYSDCNSNRNSIASFTSICSSQCSSYFHSDEMDSGDELPISVRISHDKQDKIHTCLEQLFSQIDSIINLLKGQAVIRAFEQTKYLTPGRGLQEFQQEMEAKLSCPRRLRLHLKQDPWNLPSSIQALAQSIRKHAEEVKCRILLALLEYSDSETQLRRDMVFCQSLVATVCAFSEQLMAALNQMFDNSKENEMETCEASRRWLDQIANAGVLFHFQSLLSPNLKDEQAMLEDTLVALFDLEKVSFFFKPSEEDPLVANVPLTYQVEGSRQALKVYFYMDSYHFEQLPQRLKNGGGFKIHPVLFSQALESMEGYCYRDNISVEEFQAQINTASLEKVKQYNQKLRAFYLDKSNSPPNTTSKAAYIDKLMKPLNALDELYRLITSFIRSKRIAACVNTPCSASGVGLLSVSSELCDRLGACHIIMCSSGVHRCTLSVTLEQTITLARSHGLPPRYIMQAMDVMRKQGARVQNTAKNLGVRDRTPQSAPRLYKLCEPPPPVGEE,iso1,,-1,1598,1598,1-1599,1-0
,mult_exon_skip_19,ENSMUST00000097786_1s+:g.34226032j34227053_34232344j34234909_34235142j34236282>34226032j34236282[splmult_exon_skip],Dst,StartLost,ProteinLoss,False,MAGYLSPAAYMYVEEQEYLQAYEDVLERYKDERDKVQKKTFTKWINQHLMKVRKHVNDLYEDLRDGHNLISLLEVLSGDTLPREKGRMRFHRLQNVQIALDYLKRRQVKLVNIRNDDITDGNPKLTLGLIWTIILHFQISDIHVTGESEDMSAKERLLLWTQQATEGYAGVRCENFTTCWRDGKLFNAIIHKYRPDLIDMNTVAVQSNLANLEHAFYVAEKIGVIRLLDPEDVDVSSPDEKSVITYVSSLYDAFPKVPEGGEGIGANDVEVKWIEYQNMVNYLIQWIRHHVVTMSERTFPNNPLELKALYNQYLQFKEKEIPPKEMEKSKIKRLYKLLEIWIEFGRIKLLQGYHPNDIEKEWGKLIIAMLEREKALRPEVERLDMLQQIATRVQRDSVSCEDKLILARNALQSDSKRLESGVQFQNEAEIAGYILECENLLRQHVIDVQILIDGKYYQADQLVQRVAKLRDEIMALRNECSSVYSKGRMLTTEQTKLMISGITQSLNSGFAQTLHPSLNSGLTQSLTPSLTSSSVTSGLSSGMTSRLTPSVTPVYAPGFPSVVAPNFSLGVEPNSLQTLKLMQIRKPLLKSSLLDQNLTEEEVNMKFVQDLLNWVDEMQVQLDRTEWGSDLPSVESHLENHKNVHRAIEEFESSLKEAKISEIQMTAPLKLSYTDKLHRLESQYAKLLNTSRNQERHLDTLHNFVTRATNELIWLNEKEESEVAYDWSERNSSVARKKSYHAELMRELEQKEESIKAVQEIAEQLLLENHPARLTIEAYRAAMQTQWSWILQLCQCVEQHIQENSAYFEFFNDAKEATDYLRNLKDAIQRKYSCDRSSSIHKLEDLVQESMEKEELLQYRSVVAGLMGRAKTVVQLKPRNPDNPLKTSIPIKAICDYRQIEITIYKDDECVLANNSHRAKWKVISPTGNEAMVPSVCFTVPPPNKEAVDFANRIEQQYQSVLTLWHESHINMKSVVSWHYLVNEIDRIRASNVASIKTMLPGEHQQVLSNLQSRLEDFLEDSQESQIFSGSDISQLEKEVSVCRKYYQELLKSAEREEQEESVYNLYISEVRNIRLRLESCEDRLIRQIRTPLERDDLHESMLRITEQEKLKKELDRLKDDLGTITNKCEEFFSQAADSPSVPALRSELSVVIQSLSQIYSMSSTYIEKLKTVNLVLKNTQAAEALVKLYETKLCEEEAVIADKNNIENLMSTLKQWRSEVDEKREVFHALEDELQKAKAISDEMFKTHKERDLDFDWHKEKADQLVERWQSVHVQIDNRLRDLEGIGKSLKHYRDSYHPLDDWIQHIETTQRKIQENQPENSKALALQLNQQKMLVSEIEVKQSKMDECQKYSEQYSAAVKDYELQTMTYRAMVESQQKSPVKRRRIQSSADLVIQEFMDLRTRYTALVTLMTQYIKFAGDSLKRLEEEEKSLDEEKKQHIEKAKELQKWVSNISKTLGDGEKAGKPLFSKQQMSSKEISTKKEQFSEALQTTQIFLAKHGDKLTEEERSDLEKQVKTLQEGYNLLFSESLKQQELQPSGESKVPEKVVAERQQEYREKLQGLCDLLTQTENRLISNQEAFVIGDGTVELQKYQSKQEELQRDMQGSTQAMEEIVRNTELFLKESGDELSQADRALIEQKLNEVKMKCAQLNLKAEQSRKELDKAVTTALKEETEKVAAVRQLEESKTKIENLLNWLSNVEEDSEGVWTKHTQPMEQNGTYLHEGDSKLGAGEEDEVNGNLLETDAEGHSEATKGNLNQQYEKVKAQHGKIMAQHQAVLLATQSAQVLLEKQGHYLSPEEKEKLQKNTQELKVHYEKVLAECEKKVKLTHSLQEELEKFDTDYSEFEHWLQQSEQELANLEAGADDLSGLMDKLTRQKSFSEDVISHKGDLRYITISGNRVIDAAKSCSKRDSDRIGKDSVETSATHREVQTKLDQVTDRFRSLYSKCSVLGNNLKDLVDQYQQYEDASCGLLSGLQACEAKASKHLREPIALDPKNLQRQLEETKALQGQISSQQVAVEKLKKTAEVLLDAKGSLLPAKNDIQKTLDDIVGRYDDLSKCVNERNEKLQITLTRSLSVQDALDEMLDWMGSVESSLVKPGQVPLNSTALQDLISKDTMLEQDITGRQSSINAMNEKVKTFIETTDPSTASSLQAKMKDLSARFSEASQKHKEKLAKMVELKAKVEQFEKLSDKLQTFLETQSQALTEVAMPGKDVPELSQHMQESTAKFLEHRKDLEALHSLLKEISSHGLPGDKALVFEKTNNLSRKFKEMEDTIQEKKDALSSCQEQLSAFQTLAQSLKTWIKETTKQVPVVKPSLGTEDLRKSLEETKKLQEKWNLKAPEIHKANNSGVSLCNLLSALISPAKAIAAAKSGGVILNGEGTDTNTQDFLANKGLTSIKKDMTDISHSYEDLGLLLKDKIVELNTKLSKLQKAQEESSAMMQWLEKMNKTASRWRQTPTPADTESVKLQVEQNKSFEAELKQNVNKVQELKDKLSELLEENPEAPEAQSWKQALAEMDTKWQELNQLTMDRQQKLEESSNNLTQFQTTEAQLKQWLMEKELMVSVLGPLSIDPNMLNTQKQQVQILLQEFDTRKPQYEQLTAAGQGILSRPGEDPSLHGIVNEQLEAVTQKWDNLTGQLRDRCDWIDQAIVKSTQYQSLLRSLSGTLTELDDKLSSGLTSGALPDAVNQQLEAAQRLKQEIEQQAPKIKEAQEVCEDLSALVKEEYLKAELSRQLEGILKSFKDIEQKTENHVQHLQSACASSHQFQQMSKDFQAWLDAKKEEQRDSPPISAKLDVLESLLNSQKDFGKTFTEQSNIYEKTISEGENLLLKTQGAEKAALQLQLNTMKTDWDRFRKQVKEREEKLKDSLEKALKYREQVETLRPWIDRCQHSLDGVTFSLDPTESESSIAELKSLQKEMDHHFGMLELLNNTANSLLSVCEVDKEAVTEENQSLMEKVNRVTEQLQSKTVSLENMAQKFKEFQEVSRDTQRQLQDTKEQLEVHHSLGPQAYSNKHLSVLQAQQKSLQTLKQQVDEAKRLAQDLVVEAADSKGTSDVLLQAETLAEEHSELSQQVDEKCSFLETKLQGLGHFQNTIREMFSQFTECDDELDGMAPVGRDAETLRKQKACMQTFLKKLEALMASNDSANRTCKMMLATEETSPDLIGVKRDLEALSKQCNKLLDRAKTREEQVDGATEKLEEFHRKLEEFSTLLQKAEEHEESQGPVGTETETINQQLDVFKVFQKEEIEPLQVKQQDVNWLGQGLIQSAAANTCTQGLEHDLDSVNSRWKTLNKKVAQRTSQLQEALLHCGRFQDALESLLSWMADTEELVANQKPPSAEFKVVKAQIQEQKLLQRLLEDRKSTVEVIKREGEKIAASAEPADRVKLTRQLSLLDSRWEALLSRAEARNRQLEGISVVAQEFHETLEPLNEWLTAVEKKLANSEPIGTQAPKLEEQISQHKALQEDILLRKQSVDQALLNGLELLKQTTGDEVLIIQDKLEAIKARYKDITKLSADVAKTLEHALQLAGQLQSMHKELCNWLDKVEVELLSYETQGLKGEAASQVQERQKELKNEVRSNKALVDSLNEVSSALLELVPWRAREGLEKTIAEDNERYRLVSDTITQKVEEIDAAILRSQQFEQAADAELSWITETQKKLMSLGDIRLEQDQTSAQLQVQKAFTMDILRHKDIIDELVTSGHKIMTTSSEEEKQSMKKKLDKVLKKYDAVCQINSERHLQLERAQSLVSQFWETYEELWPWLTETQRIISQLPAPALEYETLRRQQEEHRQLRELIAEHKPHIDKMNKTGPQLLELSPKEGIYIQEKYVAADTLYSQIKEDVKKRAVVLDEAISQSTQFHDKIDQILESLERIAERLRQPPSISAEVEKIKEQIGENKSVSVDMEKLQPLYETLRQRGEEMIARSEGTEKDVSARAVQDKLDQMVFIWGSIHTLVEEREAKLLDVMELAEKFWCDHMSLVVTIKDTQDFIRDLEDPGIDPSVVKQQQEAAEAIREEIDGLQEELDMVITLGSELIAACGEPDKPIVKKSIDELNSAWDSLNKAWKDRVDRLEEAMQAAVQYQDGLQGIFDWVDIAGNKLATMSPIGTDLETVKQQIEELKQFKSEAYQQQIEMERLNHQAELLLKKVTEEADKHTVQDPLMELKLIWDSLDERIVSRQHKLEGALLALGQFQHALDELLAWLTHTKGLLSEQKPVGGDPKAIEIELAKHHVLQNDVLAHQSTVEAVNKAGNDLIESSEGEEASNLQYKLRILNQRWQDILEKTDQRKQQLDSALRQAKGFHGEIEDLQQWLTDTERHLLASKPLGGLPETAKEQLNAHMEVCTAFAIKEETYKSLMLRGQQMLARCPRSAETNIDQDITNLKEKWESVKSKLNEKKTKLEEALHLAMNFHNSLQDFINWLTQAEQTLNVASRPSLILDTILFQIDEHKVFANEVNSHREQIIELDKTGTHLKYFSQKQDVVLIKNLLISVQSRWEKVVQRLVERGRSLDEARKRAKQFHEAWSKLMEWLEESEKSLDSELEIANDPDKIKAQLVQHKEFQKSLGGKHSVYDTTNRTGRSLKEKTSLADDNLKLDNMLSELRDKWDTICGKSVERQNKLEEALLFSGQFTDALQALIDWLYRVEPQLAEDQPVHGDIDLVMNLIDNHKVFQKELGKRTSSVQALKRSARELIEGSRDDSSWVRVQMQELSTRWETVCALSISKQTRLESALQQAEEFHSVVHTLLEWLAEAEQTLRFHGALPDDEDALRTLIEQHKEFMKRLEEKRAELSKATGMGDALLAVCHPDSITTIKHWITIIQARFEEVLAWAKQHQQRLAGALAGLIAKQELLETLLAWLQWAETTLTEKDKEVIPQEIEEVKTLIAEHQTFMEEMTRKQPDVDKVTKTYKRRATDPPSLQSHIPVLDKGRAGRKRFPASGFYPSGSQTQIETKNPRVNLLVSKWQQVWLLALERRRKLNDALDRLEELREFANFDFDIWRKKYMRWMNHKKSRVMDFFRRIDKDQDGKITRQEFIDGILSSKFPTSRLEMSAVADIFDRDGDGYIDYYEFVAALHPNKDAYKPITDADKIEDEVTRQVAKCKCAKRFQVEQIGDNKYRFFLGNQFGDSQQLRLVRILRSTVMVRVGGGWMALDEFLVKNDPCRVHHHGSKMLRSESNSSITATQPTLAKGRTNMELREKFILADGASQGMAAFRPRGRRSRPSSRGASPNRSTSASSHACQAASPPVPAAASTPKGTPIQGSKLRLPGYLSGKGFHSGEDSALITTAAARVRTQFAESRKTPSRPGSRAGSKAGSRASSRRGSDASDFDISEIQSVCSDVETVPQTHRPVPRAGSRPSTAKPSKIPTPQRRSPASKLDKSSKR,iso2,,-1,5379,5379,1-5380,1-0
,mult_exon_skip_19,ENSMUST00000185269_1s+:g.34226032j34227053_34232344j34234909_34235142j34236282>34226032j34236282[splmult_exon_skip],Dst,StartLost,ProteinLoss,True,MQSSSYSYRSSDSVFSNTTSTRTSLDSNENLLSVHCGPTLINSCISFSNESLDGHRLDMLQQIATRVQRDSVSCEDKLILARNALQSDSKRLESGVQFQNEAEIAGYILECENLLRQHVIDVQILIDGKYYQADQLVQRVAKLRDEIMALRNECSSVYSKGRMLTTEQTKLMISGITQSLNSGFAQTLHPSLNSGLTQSLTPSLTSSSVTSGLSSGMTSRLTPSVTPVYAPGFPSVVAPNFSLGVEPNSLQTLKLMQIRKPLLKSSLLDQNLTEEEVNMKFVQDLLNWVDEMQVQLDRTEWGSDLPSVESHLENHKNVHRAIEEFESSLKEAKISEIQMTAPLKLSYTDKLHRLESQYAKLLNTSRNQERHLDTLHNFVTRATNELIWLNEKEESEVAYDWSERNSSVARKKSYHAELMRELEQKEESIKAVQEIAEQLLLENHPARLTIEAYRAAMQTQWSWILQLCQCVEQHIQENSAYFEFFNDAKEATDYLRNLKDAIQRKYSCDRSSSIHKLEDLVQESMEKEELLQYRSVVAGLMGRAKTVVQLKPRNPDNPLKTSIPIKAICDYRQIEITIYKDDECVLANNSHRAKWKVISPTGNEAMVPSVCFTVPPPNKEAVDFANRIEQQYQSVLTLWHESHINMKSVVSWHYLVNEIDRIRASNVASIKTMLPGEHQQVLSNLQSRLEDFLEDSQESQIFSGSDISQLEKEVSVCRKYYQELLKSAEREEQEESVYNLYISEVRNIRLRLESCEDRLIRQIRTPLERDDLHESMLRITEQEKLKKELDRLKDDLGTITNKCEEFFSQAADSPSVPALRSELSVVIQSLSQIYSMSSTYIEKLKTVNLVLKNTQAAEALVKLYETKLCEEEAVIADKNNIENLMSTLKQWRSEVDEKREVFHALEDELQKAKAISDEMFKTHKERDLDFDWHKEKADQLVERWQSVHVQIDNRLRDLEGIGKSLKHYRDSYHPLDDWIQHIETTQRKIQENQPENSKALALQLNQQKMLVSEIEVKQSKMDECQKYSEQYSAAVKDYELQTMTYRAMVESQQKSPVKRRRIQSSADLVIQEFMDLRTRYTALVTLMTQYIKFAGDSLKRLEEEEKSLDEEKKQHIEKAKELQKWVSNISKTLGDGEKAGKPLFSKQQMSSKEISTKKEQFSEALQTTQIFLAKHGDKLTEEERSDLEKQVKTLQEGYNLLFSESLKQQELQPSGESKVPEKVVAERQQEYREKLQGLCDLLTQTENRLISNQEAFVIGDGTVELQKYQSKQEELQRDMQGSTQAMEEIVRNTELFLKESGDELSQADRALIEQKLNEVKMKCAQLNLKAEQSRKELDKAVTTALKEETEKVAAVRQLEESKTKIENLLNWLSNVEEDSEGVWTKHTQPMEQNGTYLHEGDSKLGAGEEDEVNGNLLETDAEGHSEATKGNLNQQYEKVKAQHGKIMAQHQAVLLATQSAQVLLEKQGHYLSPEEKEKLQKNTQELKVHYEKVLAECEKKVKLTHSLQEELEKFDTDYSEFEHWLQQSEQELANLEAGADDLSGLMDKLTRQKSFSEDVISHKGDLRYITISGNRVIDAAKSCSKRDSDRIGKDSVETSATHREVQTKLDQVTDRFRSLYSKCSVLGNNLKDLVDQYQQYEDASCGLLSGLQACEAKASKHLREPIALDPKNLQRQLEETKALQGQISSQQVAVEKLKKTAEVLLDAKGSLLPAKNDIQKTLDDIVGRYDDLSKCVNERNEKLQITLTRSLSVQDALDEMLDWMGSVESSLVKPGQVPLNSTALQDLISKDTMLEQDITGRQSSINAMNEKVKTFIETTDPSTASSLQAKMKDLSARFSEASQKHKEKLAKMVELKAKVEQFEKLSDKLQTFLETQSQALTEVAMPGKDVPELSQHMQESTAKFLEHRKDLEALHSLLKEISSHGLPGDKALVFEKTNNLSRKFKEMEDTIQEKKDALSSCQEQLSAFQTLAQSLKTWIKETTKQVPVVKPSLGTEDLRKSLEETKKLQEKWNLKAPEIHKANNSGVSLCNLLSALISPAKAIAAAKSGGVILNGEGTDTNTQDFLANKGLTSIKKDMTDISHSYEDLGLLLKDKIVELNTKLSKLQKAQEESSAMMQWLEKMNKTASRWRQTPTPADTESVKLQVEQNKSFEAELKQNVNKVQELKDKLSELLEENPEAPEAQSWKQALAEMDTKWQELNQLTMDRQQKLEESSNNLTQFQTTEAQLKQWLMEKELMVSVLGPLSIDPNMLNTQKQQVQILLQEFDTRKPQYEQLTAAGQGILSRPGEDPSLHGIVNEQLEAVTQKWDNLTGQLRDRCDWIDQAIVKSTQYQSLLRSLSGTLTELDDKLSSGLTSGALPDAVNQQLEAAQRLKQEIEQQAPKIKEAQEVCEDLSALVKEEYLKAELSRQLEGILKSFKDIEQKTENHVQHLQSACASSHQFQQMSKDFQAWLDAKKEEQRDSPPISAKLDVLESLLNSQKDFGKTFTEQSNIYEKTISEGENLLLKTQGAEKAALQLQLNTMKTDWDRFRKQVKEREEKLKDSLEKALKYREQVETLRPWIDRCQHSLDGVTFSLDPTESESSIAELKSLQKEMDHHFGMLELLNNTANSLLSVCEVDKEAVTEENQSLMEKVNRVTEQLQSKTVSLENMAQKFKEFQEVSRDTQRQLQDTKEQLEVHHSLGPQAYSNKHLSVLQAQQKSLQTLKQQVDEAKRLAQDLVVEAADSKGTSDVLLQAETLAEEHSELSQQVDEKCSFLETKLQGLGHFQNTIREMFSQFTECDDELDGMAPVGRDAETLRKQKACMQTFLKKLEALMASNDSANRTCKMMLATEETSPDLIGVKRDLEALSKQCNKLLDRAKTREEQVDGATEKLEEFHRKLEEFSTLLQKAEEHEESQGPVGTETETINQQLDVFKVFQKEEIEPLQVKQQDVNWLGQGLIQSAAANTCTQGLEHDLDSVNSRWKTLNKKVAQRTSQLQEALLHCGRFQDALESLLSWMADTEELVANQKPPSAEFKVVKAQIQEQKLLQRLLEDRKSTVEVIKREGEKIAASAEPADRVKLTRQLSLLDSRWEALLSRAEARNRQLEGISVVAQEFHETLEPLNEWLTAVEKKLANSEPIGTQAPKLEEQISQHKVLEDDITNHSKQLHQAVSIGQSLKVLSSREDKDLVQSKLDSLQVWYFEIQEKSHSRSELLQQALCNAKIFGEDEVELMNWLNEVHGKLSKLSVQDHSPEALWRQRAELRALQEDILLRKQSVDQALLNGLELLKQTTGDEVLIIQDKLEAIKARYKDITKLSADVAKTLEHALQLAGQLQSMHKELCNWLDKVEVELLSYETQGLKGEAASQVQERQKELKNEVRSNKALVDSLNEVSSALLELVPWRAREGLEKTIAEDNERYRLVSDTITQKVEEIDAAILRSQQFEQAADAELSWITETQKKLMSLGDIRLEQDQTSAQLQVQKAFTMDILRHKDIIDELVTSGHKIMTTSSEEEKQSMKKKLDKVLKKYDAVCQINSERHLQLERAQSLVSQFWETYEELWPWLTETQRIISQLPAPALEYETLRRQQEEHRQLRELIAEHKPHIDKMNKTGPQLLELSPKEGIYIQEKYVAADTLYSQIKEDVKKRAVVLDEAISQSTQFHDKIDQILESLERIAERLRQPPSISAEVEKIKEQIGENKSVSVDMEKLQPLYETLRQRGEEMIARSEGTEKDVSARAVQDKLDQMVFIWGSIHTLVEEREAKLLDVMELAEKFWCDHMSLVVTIKDTQDFIRDLEDPGIDPSVVKQQQEAAEAIREEIDGLQEELDMVITLGSELIAACGEPDKPIVKKSIDELNSAWDSLNKAWKDRVDRLEEAMQAAVQYQDGLQGIFDWVDIAGNKLATMSPIGTDLETVKQQIEELKQFKSEAYQQQIEMERLNHQAELLLKKVTEEADKHTVQDPLMELKLIWDSLDERIVSRQHKLEGALLALGQFQHALDELLAWLTHTKGLLSEQKPVGGDPKAIEIELAKHHVLQNDVLAHQSTVEAVNKAGNDLIESSEGEEASNLQYKLRILNQRWQDILEKTDQRKQQLDSALRQAKGFHGEIEDLQQWLTDTERHLLASKPLGGLPETAKEQLNAHMEVCTAFAIKEETYKSLMLRGQQMLARCPRSAETNIDQDITNLKEKWESVKSKLNEKKTKLEEALHLAMNFHNSLQDFINWLTQAEQTLNVASRPSLILDTILFQIDEHKVFANEVNSHREQIIELDKTGTHLKYFSQKQDVVLIKNLLISVQSRWEKVVQRLVERGRSLDEARKRAKQFHEAWSKLMEWLEESEKSLDSELEIANDPDKIKAQLVQHKEFQKSLGGKHSVYDTTNRTGRSLKEKTSLADDNLKLDNMLSELRDKWDTICGKSVERQNKLEEALLFSGQFTDALQALIDWLYRVEPQLAEDQPVHGDIDLVMNLIDNHKVFQKELGKRTSSVQALKRSARELIEGSRDDSSWVRVQMQELSTRWETVCALSISKQTRLESALQQAEEFHSVVHTLLEWLAEAEQTLRFHGALPDDEDALRTLIEQHKEFMKRLEEKRAELSKATGMGDALLAVCHPDSITTIKHWITIIQARFEEVLAWAKQHQQRLAGALAGLIAKQELLETLLAWLQWAETTLTEKDKEVIPQEIEEVKTLIAEHQTFMEEMTRKQPDVDKVTKTYKRRATDPPSLQSHIPVLDKGRAGRKRFPASGFYPSGSQTQIETKNPRVNLLVSKWQQVWLLALERRRKLNDALDRLEELREFANFDFDIWRKKYMRWMNHKKSRVMDFFRRIDKDQDGKITRQEFIDGILSSKFPTSRLEMSAVADIFDRDGDGYIDYYEFVAALHPNKDAYKPITDADKIEDEVTRQVAKCKCAKRFQVEQIGDNKYRFFLGNQFGDSQQLRLVRILRSTVMVRVGGGWMALDEFLVKNDPCRAKGRTNMELREKFILADGASQGMAAFRPRGRRSRPSSRGASPNRSTSASSHACQAASPPVPAAASTPKILHPLTRNYGKPWLANSKMSTPCKAAECPDFPVSSAEGTPIQGSKLRLPGYLSGKGFHSGEDSALITTAAARVRTQFAESRKTPSRPGSRAGSKAGSRASSRRGSDASDFDISEIQSVCSDVETVPQTHRPVPRAGSRPSTAKPSKIPTPQRRSPASKLDKSSKR,iso2,,-1,5175,5175,1-5176,1-0
,mult_exon_skip_21,ENSMUST00000115029_1s+:g.36346917j36355290_36355408j36356691_36356743j36357165>36346917j36357165[splmult_exon_skip],Arid5a,StartLost,ProteinLoss,True,MAKELRGDDGTTEKLKKAKDSEERRVEQTTPGKTKSDATGQTQLPCQGSSRDSTEQLGPVSGPSPPLTGASSCPEAYKRLLSSFYCKGAHGIMSPLAKKKLLAQVSKAEALQCQEEGCRHGARSPNKDIQDSPQNLRGPAENSEHQLTPREGLQAPGGSTRMEAQVGPCPTAPMFSGCFHAYPTEVLKPVSQHPRDFFSGLKDRVLLGPPGKEEGPTTKESHLVWGGDANHPSAFHKGSTRKRSFYPKPKACWVSPMAKVPTERPGAPSPHPSSPGLGSKRGLEEEGFAHGGKKLRAVSPFLKEVDSKETGGKPAAPGLAVSCLLGPTPGPTPPEAYRGTMLRCPLNFTGSADPLKGQASLPFSPLVIPAFPAHLLATTGSSPMAASLMHFPPTPYDAVLRNRLGPASSAWHMPPVTTYAAPHFFHLNTKL,iso2,,-1,431,431,1-432,1-0
,mult_exon_skip_22,ENSMUST00000097778_1s+:g.36355408j36356285_36356405j36356691_36356743j36357165>36355408j36357165[splmult_exon_skip],Arid5a,StartLost,ProteinLoss,False,MLKGGRPDLCVVNSLIELQKLKLHVDAEHQTAPPAKGNTEQSEEGDLPQLPVSPKPDDEQSRSQSPTQLQDSPEAGGEQEEEQAFLVSLYKFMKERHTPIERVPHLGFKQINLWKIYKAVEKLGAYELVTGRRLWKNVYDELGGSPGSTSAATCTRRHYERLVLPYVRHLKGEDDKPLPPTKPRKQYKMAKELRGDDGTTEKLKKAKDSEERRVEQTTPGKTKSDATGQTQLPCQGSSRDSTEQLGPVSGPSPPLTGASSCPEAYKRLLSSFYCKGAHGIMSPLAKKKLLAQVSKAEALQCQEEGCRHGARSPNKDIQDSPQNLRGPAENSEHQLTPREGLQAPGGSTRMEAQVGPCPTAPMFSGCFHAYPTEVLKPVSQHPRDFFSGLKDRVLLGPPGKEEGPTTKESHLVWGGDANHPSAFHKGSTRKRSFYPKPKACWVSPMAKVPTERPGAPSPHPSSPGLGSKRGLEEEGFAHGGKKLRAVSPFLKEVDSKETGGKPAAPGLAVSCLLGPTPGPTPPEAYRGTMLRCPLNFTGSADPLKGQASLPFSPLVIPAFPAHLLATTGSSPMAASLMHFPPTPYDAVLRNRLGPASSAWHMPPVTTYAAPHFFHLNTKL,iso1,,-1,619,619,1-620,1-0
,mult_exon_skip_22,ENSMUST00000115032_1s+:g.36355408j36356285_36356405j36356691_36356743j36357165>36355408j36357165[splmult_exon_skip],Arid5a,StartLost,ProteinLoss,False,MAAPPAKGNTEQSEEGDLPQLPVSPKPDDEQSRSQSPTQLQDSPEAGGEQEEEQAFLVSLYKFMKERHTPIERVPHLGFKQINLWKIYKAVEKLGAYELVTGRRLWKNVYDELGGSPGSTSAATCTRRHYERLVLPYVRHLKGEDDKPLPPTKPRKQYKMAKELRGDDGTTEKLKKAKDSEERRVEQTTPGKTKSDATGQTQLPCQGSSRDSTEQLGPVSGPSPPLTGASSCPEAYKRLLSSFYCKGAHGIMSPLAKKKLLAQVSKAEALQCQEEGCRHGARSPNKDIQDSPQNLRGPAENSEHQLTPREGLQAPGGSTRMEAQVGPCPTAPMFSGCFHAYPTEVLKPVSQHPRDFFSGLKDRVLLGPPGKEEGPTTKESHLVWGGDANHPSAFHKGSTRKRSFYPKPKACWVSPMAKVPTERPGAPSPHPSSPGLGSKRGLEEEGFAHGGKKLRAVSPFLKEVDSKETGGKPAAPGLAVSCLLGPTPGPTPPEAYRGTMLRCPLNFTGSADPLKGQASLPFSPLVIPAFPAHLLATTGSSPMAASLMHFPPTPYDAVLRNRLGPASSAWHMPPVTTYAAPHFFHLNTKL,iso1,,-1,590,590,1-591,1-0
,mult_exon_skip_22,ENSMUST00000137906_1s+:g.36355408j36356285_36356405j36356691_36356743j36357165>36355408j36357165[splmult_exon_skip],Arid5a,StartLost,ProteinLoss,True,MAAPPAKGNTEQSEEGDLPQLPVSPKPDDEQSRSQSPTQLQVTGRRLWKNVYDELGGSPGSTSAATCTRRHYERLVLPYVRHLKGEDDKPLPPTKPRKQYKMAKELRGDDGTTEKLKKAKDSEERRVEQTTPGKTKSDATGQTQLPCQGSSRDSTEQLGPVSGPSPPLTGASSCPEAYKRLLSSFYCKGAHGIMSPLAKKKLLAQVSKAEALQCQEEGCRHGARSPNKDIQDSPQNLRGPAENSEHQLTPREGLQAPGGSTRMEAQVGPCPTAPMFSGCFHAYPTEVLKPVSQHPRDFFSGLKDRVLLGPPGKEEGPTTKESHLVWGGDANHPSAFHKGSTRKRSFYPKPKACWVSPMAKVPTERPGAPSPHPSSPGLGSKRGLEEEGFAHGGKKLRAVSPFLKEVDSKETGGKPAAPGLAVSCLLGPTPGPTPPEAYRGTMLRCPLNFTGSADPLKGQASLPFSPLVIPAFPAHLLATTGSSPMAASLMHFPPTPYDAVLRNRLGPASSAWHMPPVTTYAAPHFFHLNTKL,iso2,,-1,532,532,1-533,1-0
,mult_exon_skip_23,ENSMUST00000238500_1s+:g.37090960j37099411_37099580j37102515_37102630j37124314>37090960j37124314[splmult_exon_skip],Vwa3b,StartLost,ProteinLoss,True,MAEQSLLSSERWLQLHGLKSKKLTLKQILSQIGFPQSEDYVTSLRRLVASRYADGLFPQIYTAEDGRLYNLTAKTELICQFVDYLTQAVESYKQRMDWLTSGSRQIFGVILEQRVTIVLDFGDVLMEELNLCRDALKMVLQEQVALITRFNMIWVSAEPVKWQEYAILVTEHSIAAAISWIEKMTFEPKPVREVSGLDALLEAGKDKTIEAIYYFVVGDVPQEFQKLLLTGVLEIPYPVCTVSFNARGEETIAFLKDLSTKTHSRFHAFAERTECEEFSAFSTEGVDGSMTWNSRKLKGRLPPGAGVREDVFLIWREMEEACRILAQVRSLVDKAPQSDVSPADCKSRPAESKENAEDTWESQKWLQKYGLKAQKLTFYDVLAHCSFRHADGVVDIKAKPENESVQTSADTNKKTIHAKYCSRFIHIPWKDGSLVHVNITKEKYKWYRERIHTALAMIQRRIKWLQNGSHILFGKARGECIYVLIDTSCSMKSRLNLVKDKIIQFIQEQLRYKSKFNFVTFDGQAIAWREKLAEVNEDNLKQAQSWIRGIKVGSSTNTLNALKIAFADEETQVIYLLTDGRPDQPPEMVMDHVKLFQNIPICAISFSYNDEVANEFLKELAALTGGEFRAYNFGCKDPIQDTQDEDLNLLLQEMEQGHSDLEKMQELYMESLVVDWWYNADKDTDSKHQKEILSMVSTPEERANSQPDADSLASSPPNVSTGSWKFLEEKTQKKKILHAESTKTSLLRSHISNFKSSSNKDSSNSSSRSHTSALSNREMSVLLTNKCLDDKLSESASGNGSQVSGHTSSDTSSKTWLQTHGLVAKKLTIADALAGAMVPHSSTYVPILNKNVVSKVFDEVFPLAHVCNNSNKMVLINPHGINLNIYKQNVEQAIKSYEKCLNKIVWQALSEEEKEKLDAIKPIQYLENKDVLNKALERLNWPISLKELSVLENEILVGKMYIQQALELQETSRKNYQSKTLQEQQKLQGYPTKKIKSRKLDPLKGQKVIARCEENGFYFPGVVKKCVSSSHALVDFRYGDTKVVPISFIMPVGGAMPCPQLQVGDYVFAKIMTSKGFDFYVPAIVIALPNHNVASEKFYTVLKCNNRREFCPRSALIKISQNKYALSCSMIHSSLVEKNGAGEEVDGSNSSNIWTVTEEATGNLKQPRQENLRKKRKKRTKRLPLQELMCSDFDGSSRSTRSPEPIPGPFPEPRVGDWEAP,iso1,,-1,1221,1221,1-1222,1-0
,mult_exon_skip_24,ENSMUST00000140264_1s+:g.37411500j37411674_37411679j37416598_37416609j37416659>37411500j37416659[splmult_exon_skip],Inpp4a,StartLost,ProteinLoss,False,MTAREHSPRHGARARAMQRASTIDVAADMVGLSLAGNIQDPDEPILEFSLACSELHTPSLDRKPNSFVAVSVTTPPQAFWTKHAQTEIIEGTNNPIFLSSIAFFQDSLINQMTQIKLSVYDVKDRSQGTMYLLGSGTFVVKDLLQDRHHRLHLTLRSAESDRVGNITVIGWQMEEKSDQQPPVTRSLDTVNGRMVLPVDESLTEALGIRSKYASLRKDSLLKAVFGGAICRMYRFPTTDGNHLRILEQMAESVLSLHVPRQFVKLLLEEDAARVCELEELGELSPCWESLRRQIVTQYQTIILTYQENLTDLHQYKGPSFKASSLKADKKLEFVPTNLHIQRMRVQDDGGSDQNYDVVTIGAPAAHCQGFKSGGLRKKLHKFEEAKKHTSSSGQSIIYIPQDITRAKEIIAQINTLKTQVSYYAERLSRAAKDRSATGLERTLAILADKTRQLVTVCDCKLLANSIHGLNAARPDYIASKASPTSTEEEQVMLRNDQDTLMARWAGRSSRSSLQVDWHEEEWEKVWLNVDKSLECIIQRVDKLLQKERLHGEGCEDAFPCSSTCSSKKDCSPPPEESSPGEWSEALYPLLTTLTDCVAMMSDKAKAAMVFLLMQDSAPTIASYLSLQYRRDVVFCQTLTALICGFIIKLRNCLHDGGFLRQLYTIGLLAQFESLLSTYGEELAMLEDMSLGIMDLRNVTFKVTQATSNASNDMLPVITGNRDGFNVRIPLPGPLFDSLPREIQSGMLLRVQPVLFNVGINEQQTLAERFGDTSLQEVINVESLVRLNSYFEQFKEVLPEDCLPRSRSQTCLPELLRFLGQNVHARKNKNVDILWQAAEVCRRLNGVRFTSCKSAKDRTAMSVTLEQCLILQHEHGMAPQVFTQALECMRR,iso2,,-1,890,890,1-891,1-0
,mult_exon_skip_24,ENSMUST00000168546_1s+:g.37411500j37411674_37411679j37416598_37416609j37416659>37411500j37416659[splmult_exon_skip],Inpp4a,StartLost,ProteinLoss,True,MCVCFACRVCELEELGELSPCWESLRRQIVTQYQTIILTYQENLTDLHQYKGPSFKASSLKADKKLEFVPTNLHIQRMRVQDDGGSDQNYDVVTIGAPAAHCQGFKSGGLRKKLHKFEEAKKQEWESCGTSSSGQSIIYIPQDITRAKEIIAQINTLKTQVSYYAERLSRAAKDRSATGLERTLAILADKTRQLVTVCDCKLLANSIHGLNAARPDYIASKASPTSTEEEQVMLRNDQDTLMARWAGRSSRSSLQVDWHEEEWEKVWLNVDKSLECIIQRVDKLLQKERLHGEGCEDAFPCSSTCSSKKGEWSEALYPLLTTLTDCVAMMSDKAKAAMVFLLMQDSAPTIASYLSLQYRRDVVFCQTLTALICGFIIKLRNCLHDGGFLRQLYTIGLLAQFESLLSTYGEELAMLEDMSLGIMDLRNVTFKVTQATSNASNDMLPVITGNRDGFNVRIPLPGPLFDSLPREIQSGMLLRVQPVLFNVGINEQQTLAERFGDTSLQEVINVESLVRLNSYFEQFKEVLPEDCLPRSRSQTCLPELLRFLGQNVHARKNKNVDILWQAAEVCRRLNGVRFTSCKSAKDRTAMSVTLEQCLILQHEHGMAPQVFTQALECMRSIGTREVVTQKNLSGLVPIRDLRLDPSLLCSIPLLALSPNLLIVWLFLSIAYLVTKLRCK,iso1,,-1,679,679,1-680,1-0
,mult_exon_skip_27,ENSMUST00000193682_1s+:g.40039909j40040590_40040751j40043030_40043147j40043967>40039909j40043967[splmult_exon_skip],Map4k4,StartLost,ProteinLoss,True,MANDSPAKSLVDIDLSSLRDPAGIFELVEVVGNGTYGQVYKGRHVKTGQLAAIKVMDVTEDEEEEIKLEINMLKKYSHHRNIATYYGAFIKKSPPGHDDQLWLVMEFCGAGSITDLVKNTKGNTLKEDWIAYISREILRGLAHLHIHHVIHRDIKGQNVLLTENAEVKLVDFGVSAQLDRTVGRRNTFIGTPYWMAPEVIACDENPDATYDYRSDLWSCGITAIEMAEGAPPLCDMHPMRALFLIPRNPPPRLKSKKWSKKFFSFIEGCLVKNYMQRPSTEQLLKHPFIRDQPNERQVRIQLKDHIDRTRKKRGEKDETEYEYSGSEEEEEEVPEQEGEPSSIVNVPGESTLRRDFLRLQQENKERSEALRRQQLLQEQQLREQEEYKRQLLAERQKRIEQQKEQRRRLEEQQRREREARRQQEREQRRREQEEKRRLEELERRRKEEEERRRAEEEKRRVEREQEYIRRQLEEEQRHLEILQQQLLQEQAMLLHDHRRPHAQQQPPPPQQQDRSKPSFHAPEPKPHYDPADRAREVPVRTTSRSPVLSRRDSPLQGGGQQNSQAGQRNSTSSIEPRLLWERVEKLVPRPGSGSSSGSSNSGSQPGSHPGSQSGSGERFRVRSSSKSEGSPSPRQESAAKKPDDKKEVFRPLKPAGEVDLTALAKELRAVEDVRPPHKVTDYSSSSEESGTTDEEEEDVEQEGADDSTSGPEDTRAASSPNLSNGETESVKTMIVHDDVESEPAMTPSKEGTLIVRQSTVDQKRASHHESNGFAGRIHLLPDLLQQSHSSSTSSTSSSPSSSQPTPTMSPQTPQDKLTANETQSASSTLQKHKSSSSFTPFIDPRLLQISPSSGTTVTSVVGFSCDGLRPEAIRQDPTRKGSVVNVNPTNTRPQSDTPEIRKYKKRFNSEILCAALWGVNLLVGTESGLMLLDRSGQGKVYPLISRRRFQQMDVLEGLNVLVTISGKKDKLRVYYLSWLRNKILHNDPEVEKKQGWTTVGDLEGCVHYKVVKYERIKFLVIALKSSVEVYAWAPKPYHKFMAFKSFGELLHKPLLVDLTVEEGQRLKVIYGSCAGFHAVDVDSGSVYDIYLPTHIQCSIKPHAIIILPNTDGMELLVCYEDEGVYVNTYGRITKDVVLQWGEMPTSVAYIRSNQTMGWGEKAIEIRSVETGHLDGVFMHKRAQRLKFLCERNDKVFFASVRSGGSSQVYFMTLGRTSLLSW,iso2,,-1,1221,1221,1-1222,1-0
,mult_exon_skip_28,ENSMUST00000168431_1s+:g.40040751j40042917_40042971j40043030_40043147j40043967>40040751j40043967[splmult_exon_skip],Map4k4,StartLost,ProteinLoss,False,MANDSPAKSLVDIDLSSLRDPAGIFELVEVVGNGTYGQVYKGRHVKTGQLAAIKVMDVTEDEEEEIKLEINMLKKYSHHRNIATYYGAFIKKSPPGHDDQLWLVMEFCGAGSITDLVKNTKGNTLKEDWIAYISREILRGLAHLHIHHVIHRDIKGQNVLLTENAEVKLVDFGVSAQLDRTVGRRNTFIGTPYWMAPEVIACDENPDATYDYRSDLWSCGITAIEMAEGAPPLCDMHPMRALFLIPRNPPPRLKSKKWSKKFFSFIEGCLVKNYMQRPSTEQLLKHPFIRDQPNERQVRIQLKDHIDRTRKKRGEKDETEYEYSGSEEEEEEVPEQEGEPSSIVNVPGESTLRRDFLRLQQENKERSEALRRQQLLQEQQLREQEEYKRQLLAERQKRIEQQKEQRRRLEEQQRREREARRQQEREQRRREQEEKRRLEELERRRKEEEERRRAEEEKRRVEREQEYIRRQLEEEQRHLEILQQQLLQEQAMLLECRWREMEEHRQAERLQRQLQQEQAYLLSLQHDHRRPHAQQQPPPPQQQDRSKPSFHAPEPKPHYDPADRAREVEDRFRKTNHSSPEAQAKQTGRGLEPPVPSRSESFSNGNSESVHPALQRPAEPQVPVRTTSRSPVLSRRDSPLQGGGQQNSQAGQRNSTSIEPRLLWERVEKLVPRPGSGSSSGSSNSGSQPGSHPGSQSGSGERFRVRSSSKSEGSPSPRQESAAKKPDDKKEVFRPLKPADLTALAKELRAVEDVRPPHKVTDYSSSSEESGTTDEEEEDVEQEGADDSTSGPEDTRAASSPNLSNGETESVKTMIVHDDVESEPAMTPSKEGTLIVRQTQSASSTLQKHKSSSSFTPFIDPRLLQISPSSGTTVTSVVGFSCDGLRPEAIRQDPTRKGSVVNVNPTNTRPQSDTPEIRKYKKRFNSEILCAALWGVNLLVGTESGLMLLDRSGQGKVYPLISRRRFQQMDVLEGLNVLVTISGKKDKLRVYYLSWLRNKILHNDPEVEKKQGWTTVGDLEGCVHYKVVKYERIKFLVIALKSSVEVYAWAPKPYHKFMAFKSFGELLHKPLLVDLTVEEGQRLKVIYGSCAGFHAVDVDSGSVYDIYLPTHIQCSIKPHAIIILPNTDGMELLVCYEDEGVYVNTYGRITKDVVLQWGEMPTSVAYIRSNQTMGWGEKAIEIRSVETGHLDGVFMHKRAQRLKFLCERNDKVFFASVRSGGSSQVYFMTLGRTSLLSW,iso2,,-1,1238,1238,1-1239,1-0
,mult_exon_skip_28,ENSMUST00000195259_1s+:g.40040751j40042917_40042971j40043030_40043147j40043967>40040751j40043967[splmult_exon_skip],Map4k4,StartLost,ProteinLoss,True,MANDSPAKSLVDIDLSSLRDPAGIFELVEVVGNGTYGQVYKGRHVKTGQLAAIKVMDVTEDEEEEIKLEINMLKKYSHHRNIATYYGAFIKKSPPGHDDQLWLVMEFCGAGSITDLVKNTKGNTLKEDWIAYISREILRGLAHLHIHHVIHRDIKGQNVLLTENAEVKLVDFGVSAQLDRTVGRRNTFIGTPYWMAPEVIACDENPDATYDYRSDLWSCGITAIEMAEGAPPLCDMHPMRALFLIPRNPPPRLKSKKWSKKFFSFIEGCLVKNYMQRPSTEQLLKHPFIRDQPNERQVRIQLKDHIDRTRKKRGEKDETEYEYSGSEEEEEEVPEQEGEPSSIVNVPGESTLRRDFLRLQQENKERSEALRRQQLLQEQQLREQEEYKRQLLAERQKRIEQQKEQRRRLEEQQRREREARRQQEREQRRREQEEKRRLEELERRRKEEEERRRAEEEKRRVEREQEYIRRQLEEEQRHLEILQQQLLQEQAMLLHDHRRPHAQQQPPPPQQQDRSKPSFHAPEPKPHYDPADRAREVEDRFRKTNHSSPEAQAKQTGRGLEPPVPSRSESFSNGNSESVHPALQRPAEPQVPVRTTSRSPVLSRRDSPLQGGGQQNSQAGQRNSTSSIEPRLLWERVEKLVPRPGSGSSSGSSNSGSQPGSHPGSQSGSGERFRVRSSSKSEGSPSPRQESAAKKPDDKKEVFRPLKPADLTALAKELRAVEDVRPPHKVTDYSSSSEESGTTDEEEEDVEQEGADDSTSGPEDTRAASSPNLSNGETESVKTMIVHDDVESEPAMTPSKEGTLIVRQTQSASSTLQKHKSSSSFTPFIDPRLLQISPSSGTTVTSVVGFSCDGLRPEAIRQDPTRKGSVVNVNPTNTRPQSDTPEIRKYKKRFNSEILCAALWGVNLLVGTESGLMLLDRSGQGKVYPLISRRRFQQMDVLEGLNVLVTISGKKDKLRVYYLSWLRNKILHNDPEVEKKQGWTTVGDLEGCVHYKVVKYERIKFLVIALKSSVEVYAWAPKPYHKFMAFKSFGELLHKPLLVDLTVEEGQRLKVIYGSCAGFHAVDVDSGSVYDIYLPTHIQCSIKPHAIIILPNTDGMELLVCYEDEGVYVNTYGRITKDVVLQWGEMPTSVAYIRSNQTMGWGEKAIEIRSVETGHLDGVFMHKRAQRLKFLCERNDKVFFASVRSGGSSQVYFMTLGRTSLLSW,iso2,,-1,1208,1208,1-1209,1-0
